Consensus_Site	Consensus_capsid_protein_C_DENV1_1_Site	Consensus_capsid_protein_C_DENV2_1_Site	Consensus_capsid_protein_C_DENV3_1_Site	Consensus_capsid_protein_C_DENV4_1_Site
0	0	0	0	-
1	1	1	1	0
2	2	2	2	1
3	3	3	3	2
4	4	4	4	3
5	5	5	5	4
6	6	6	6	5
7	7	7	7	6
8	8	8	8	7
9	9	9	9	8
10	10	10	10	9
11	11	11	11	10
12	12	12	12	11
13	13	13	13	12
14	14	14	14	13
15	15	15	15	14
16	16	16	16	15
17	17	17	17	16
18	18	18	18	17
19	19	19	19	18
20	20	20	20	19
21	21	21	21	20
22	22	22	22	21
23	23	23	23	22
24	24	24	24	23
25	25	25	25	24
26	26	26	26	25
27	27	27	27	26
28	28	28	28	27
29	29	29	29	28
30	30	30	30	29
31	31	31	31	30
32	32	32	32	31
33	33	33	33	32
34	34	34	34	33
35	35	35	35	34
36	36	36	36	35
37	37	37	37	36
38	38	38	38	37
39	39	39	39	38
40	40	40	40	39
41	41	41	41	40
42	42	42	42	41
43	43	43	43	42
44	44	44	44	43
45	45	45	45	44
46	46	46	46	45
47	47	47	47	46
48	48	48	48	47
49	49	49	49	48
50	50	50	50	49
51	51	51	51	50
52	52	52	52	51
53	53	53	53	52
54	54	54	54	53
55	55	55	55	54
56	56	56	56	55
57	57	57	57	56
58	58	58	58	57
59	59	59	59	58
60	60	60	60	59
61	61	61	61	60
62	62	62	62	61
63	63	63	63	62
64	64	64	64	63
65	65	65	65	64
66	66	66	66	65
67	67	67	67	66
68	68	68	68	67
69	69	69	69	68
70	70	70	70	69
71	71	71	71	70
72	72	72	72	71
73	73	73	73	72
74	74	74	74	73
75	75	75	75	74
76	76	76	76	75
77	77	77	77	76
78	78	78	78	77
79	79	79	79	78
80	80	80	80	79
81	81	81	81	80
82	82	82	82	81
83	83	83	83	82
84	84	84	84	83
85	85	85	85	84
86	86	86	86	85
87	87	87	87	86
88	88	88	88	87
89	89	89	89	88
90	90	90	90	89
91	91	91	91	90
92	92	92	92	91
93	93	93	93	92
94	94	94	94	93
95	95	95	95	94
96	96	96	96	95
97	97	97	97	96
98	98	98	98	97
99	99	99	99	98
